{
  "BlockStorage": {
    "FileSystemSize": {
      "Type": "Bytes",
      "Value": 876720
    },
    "InOrderBlock": {
      "BlockHeight": 4618292,
      "BlockTime": {
        "Type": "Nanoseconds",
        "Value": 1592420271605523631
      }
    },
    "LastCommit": {
      "Type": "Nanoseconds",
      "Value": 1596122692787593000
    },
    "LastCommitted": {
      "BlockHeight": 4618292,
      "BlockTime": {
        "Type": "Nanoseconds",
        "Value": 1592420271605523631
      }
    },
    "TopBlock": {
      "BlockHeight": 4618292,
      "BlockTime": {
        "Type": "Nanoseconds",
        "Value": 1592420271605523631
      }
    }
  },
  "BlockSync": {
    "CollectingAvailabilityResponsesState": {
      "BroadcastSendFailure": 0,
      "BroadcastSendSuccess": 9,
      "Duration": {
        "Type": "Milliseconds",
        "Value": {
          "Min": 486.539264,
          "P50": 503.316479,
          "P95": 520.093695,
          "P99": 520.093695,
          "Max": 520.093695,
          "Avg": 498.65614222222223,
          "Samples": 9
        }
      }
    },
    "FinishedCollectingAvailabilityResponsesState": {
      "Duration": {
        "Type": "Milliseconds",
        "Value": {
          "Min": 0.005376,
          "P50": 0.024575,
          "P95": 0.196607,
          "P99": 0.196607,
          "Max": 0.196607,
          "Avg": 0.042908444444444443,
          "Samples": 9
        }
      },
      "FinishedWithNoResponses": 2,
      "FinishedWithSomeResponses": 7
    },
    "IdleState": {
      "Duration": {
        "Type": "Milliseconds",
        "Value": {
          "Min": 536.870912,
          "P50": 1040.187391,
          "P95": 2415.919103,
          "P99": 3087.007743,
          "Max": 3087.007743,
          "Avg": 1128.4501370434782,
          "Samples": 23
        }
      },
      "ResetBackToIdle": 22,
      "StartedBlockSync": 1
    },
    "ProcessingBlocksState": {
      "BlocksReceived": {
        "RatePerSecond": 18.98722226790029
      },
      "CommittedBlocks": 503,
      "Duration": {
        "Type": "Milliseconds",
        "Value": {
          "Min": 11.010048,
          "P50": 704.643071,
          "P95": 838.860799,
          "P99": 838.860799,
          "Max": 838.860799,
          "Avg": 519.1574674285714,
          "Samples": 7
        }
      },
      "FailedToCommitBlocks": 0,
      "FailedToValidateBlocks": 0,
      "LastCommitted": {
        "Type": "Nanoseconds",
        "Value": 1596122669355794000
      }
    },
    "StateTransitions": 55,
    "WaitingForBlocksState": {
      "Duration": {
        "Type": "Milliseconds",
        "Value": {
          "Min": 2.031616,
          "P50": 13.107199,
          "P95": 17.825791,
          "P99": 17.825791,
          "Max": 17.825791,
          "Avg": 11.098989714285715,
          "Samples": 7
        }
      },
      "ReceivedBlocksFromByzantineSource": 0,
      "ReceivedBlocksFromExpectedSource": 7,
      "TimedOutWithoutReceivingBlocks": 0
    }
  },
  "ConsensusAlgo": {
    "LeanHelix": {
      "CurrentElection": 1,
      "CurrentLeaderMemberId": "c056df",
      "LastCommitted": {
        "Type": "Nanoseconds",
        "Value": 1596122692787612000
      },
      "TimeSinceLastCommit": {
        "Type": "Milliseconds",
        "Value": {
          "Min": 536.870912,
          "P50": 1040.187391,
          "P95": 1040.187391,
          "P99": 1040.187391,
          "Max": 1040.187391,
          "Avg": 980.2687634285714,
          "Samples": 21
        }
      },
      "TimeSinceLastElection": {
        "Type": "Milliseconds",
        "Value": {
          "Min": 3892.314112,
          "P50": 4026.531839,
          "P95": 6979.321855,
          "P99": 6979.321855,
          "Max": 6979.321855,
          "Avg": 5402.263552,
          "Samples": 2
        }
      }
    }
  },
  "ConsensusContext": {
    "Committee": {
      "Members": [
        {
          "Address:": "6e2cb55e4cbe97bf5b1e731d51cc2c285d83cbf9",
          "Weight": 1
        },
        {
          "Address:": "a328846cd5b4979d68a8c58a9bdfeee657b34de7",
          "Weight": 1
        },
        {
          "Address:": "c056dfc0d1fbc7479db11e61d1b0b57612bf7f17",
          "Weight": 1
        },
        {
          "Address:": "d27e2e7398e2582f63d0800330010b3e58952ff6",
          "Weight": 1
        }
      ],
      "PrevBlockReferenceTime": 1492983000,
      "Size": 4
    },
    "CreateResultsBlockTime": {
      "Type": "Milliseconds",
      "Value": {
        "Min": 0.237568,
        "P50": 0.589823,
        "P95": 0.950271,
        "P99": 0.950271,
        "Max": 0.950271,
        "Avg": 0.605696,
        "Samples": 8
      }
    },
    "CreateTransactionsBlockTime": {
      "Type": "Milliseconds",
      "Value": {
        "Min": 301.989888,
        "P50": 1006.632959,
        "P95": 1006.632959,
        "P99": 1006.632959,
        "Max": 1006.632959,
        "Avg": 904.921088,
        "Samples": 8
      }
    },
    "ProcessTransactionsSetInCreateResultsBlock": {
      "Type": "Milliseconds",
      "Value": {
        "Min": 0.229376,
        "P50": 0.557055,
        "P95": 0.851967,
        "P99": 0.851967,
        "Max": 0.851967,
        "Avg": 0.569856,
        "Samples": 8
      }
    },
    "TransactionsEnteringBlock": {
      "RatePerSecond": 0.9075598187970173
    }
  },
  "Ethereum": {
    "Node": {
      "Endpoint": {
        "Address": ""
      },
      "LastBlock": 0,
      "Sync": {
        "Status": "failed"
      },
      "TransactionReceipts": {
        "Status": "failed"
      }
    },
    "TimestampBlockFinder": {
      "CacheHits": 0,
      "LastBlockFound": {
        "BlockNumber": 0,
        "BlockTime": {
          "Type": "Seconds",
          "Value": 0
        }
      },
      "LastBlockInEthereum": 0,
      "StepsRequired": {
        "RatePerSecond": 0
      },
      "TimeToFindBlock": {
        "Duration": {
          "Type": "Milliseconds",
          "Value": {
            "Min": 0,
            "P50": 0,
            "P95": 0,
            "P99": 0,
            "Max": 0,
            "Avg": 0,
            "Samples": 0
          }
        }
      },
      "TotalTimesCalled": 0
    }
  },
  "Gossip": {
    "IncomingConnection": {
      "Active": 3,
      "ListeningOnTCPPortErrors": 0,
      "ListeningOnTCPPortSuccess": 3,
      "TransportErrors": 0
    },
    "OutgoingConnection": {
      "Active": 3,
      "EnqueueErrors": {
        "a32884": 0,
        "c056df": 1,
        "d27e2e": 0
      },
      "KeepaliveErrors": 0,
      "MessageSize": {
        "Type": "Bytes",
        "Value": {
          "Min": 0.000076,
          "P50": 0.000335,
          "P95": 0.000991,
          "P99": 0.001151,
          "Max": 0.001151,
          "Avg": 0.00038019999999999997,
          "Samples": 180
        }
      },
      "QueueUsage": {
        "a32884": {
          "Type": "Percent",
          "Value": 0
        },
        "c056df": {
          "Type": "Percent",
          "Value": 0
        },
        "d27e2e": {
          "Type": "Percent",
          "Value": 0
        }
      },
      "SendError": {
        "a32884": 0,
        "c056df": 0,
        "d27e2e": 0
      },
      "SendErrors": 0,
      "SendQueueErrors": 1
    },
    "Topic": {
      "BenchmarkConsensus": {
        "DroppedMessages": 0,
        "MessagesInQueue": 0,
        "QueueSize": 20
      },
      "BlockSync": {
        "DroppedMessages": 0,
        "MessagesInQueue": 0,
        "QueueSize": 10
      },
      "LeanHelixConsensus": {
        "DroppedMessages": 0,
        "MessagesInQueue": 0,
        "QueueSize": 100
      },
      "TransactionRelay": {
        "DroppedMessages": 0,
        "Errors": 0,
        "MessagesInQueue": 0,
        "QueueSize": 200
      }
    }
  },